id;phone;email;address;fio
1;+79123456789;;;Иванов Алексей Петрович
2;+79234567890;;;Петрова Мария Сергеевна
3;+79345678901;;;Сидоров Дмитрий Владимирович
4;+79456789012;;;Козлова Анна Игоревна
5;+79567890123;;;Николаев Павел Александрович
6;+79678901234;;;Федорова Екатерина Викторовна
7;+79789012345;;;Морозов Сергей Николаевич
8;+79890123456;;;Волкова Ольга Дмитриевна
9;+79901234567;;;Алексеев Иван Петрович
10;+79012345678;;;Семенова Татьяна Алексеевна
11;+79111223344;;;Кузнецов Андрей Сергеевич
12;+79222334455;;;Павлова Людмила Ивановна
13;+79333445566;;;Лебедев Михаил Викторович
14;+79444556677;;;Соколова Надежда Павловна
15;+79555667788;;;Новиков Александр Дмитриевич
16;+79666778899;;;Фролов Артем Сергеевич
17;+79777889900;;;Захарова Виктория Андреевна
18;+79888990011;;;Борисов Максим Ильич
19;+79999001122;;;Киселева Анастасия Павловна
20;+79000112233;;;Григорьев Денис Олегович
21;+79112233445;;;Титова Юлия Валерьевна
22;+79223344556;;;Комарова Ирина Сергеевна
23;+79334455667;;;Орлов Станислав Викторович
24;+79445566778;;;Егорова Марина Дмитриевна
25;+79556677889;;;Щербаков Роман Алексеевич
26;+79667788990;;;Белова Ангелина Игоревна
27;+79778899001;;;Медведев Глеб Петрович
28;+79889900112;;;Сазонова Кристина Олеговна
29;+79990011223;;;Данилов Артур Владимирович
30;+79001122334;;;Гусева Валерия Александровна
31;+79112345670;;;Кудрявцев Евгений Сергеевич
32;+79223456781;;;Ларина Ольга Викторовна
33;+79334567892;;;Субботин Алексей Дмитриевич
34;+79445678903;;;Воронова Дарья Ильинична
35;+79556789014;;;Жуков Игорь Анатольевич
36;+79667890125;;;Цветкова Елена Павловна
37;+79778901236;;;Филиппов Антон Михайлович
38;+79889012347;;;Дорофеева Светлана Васильевна
39;+79990123458;;;Марков Константин Игоревич
40;+79001234569;;;Савельева Тамара Федоровна
41;+79113456789;;;Блинов Василий Степанович
42;+79224567890;;;Калашникова Инна Романовна
43;+79335678901;;;Широков Петр Николаевич
44;+79446789012;;;Зайцева Вероника Андреевна
45;+79557890123;;;Маслов Виталий Олегович
46;+79668901234;;;Исаева Алла Борисовна
47;+79779012345;;;Горбунов Никита Артемович
48;+79880123456;;;Пономарева Лидия Семеновна
49;+79991234567;;;Лыков Дмитрий Валентинович
50;+79002345678;;;Носкова Элина Рудольфовна
51;+79114567890;;;Симонов Аркадий Георгиевич
52;+79225678901;;;Крылова Жанна Леонидовна
